999/9e08a12dddaed3eb940348bba2febcbe49304b1bf96c9ba9de307632.jpg,0
999/76f5ad0bcbb431d40bca3996cf04d39b0740fe1290ea0cc4d8595f43.jpg,1
999/d55b192fad7e200c16e4f8e8d944d44fbd0a2025750064d9fc7c7869.jpg,10
999/3bd9d7660d54d9a81564ab866864f5bf133537ce710b95152e071cf8.jpg,2
999/bbd0a593a0a3bd12a795243a5f233247a6e06cfe651fef98c776393c.png,10
999/3b2381388a42ca32ba4e3deaf8a5fb541805535bdb3366bd6d19aeb6.jpg,0
999/b70875f3a93789ce0148e09443c5653d452a09b79a98f9ff4d66c808.jpg,3
999/50fa8f19c5a75f40726ce28cbc882cc88396a7804ab175cb79469e10.jpg,10
999/44f30f9b1b59673e7fd4ad6bfad3287c084e84101d5461429b83fcaa.jpg,1
999/5e7b88430c0214f272dbe6437204ec8bbef9274997ba173704c5844a.jpg,0
999/137d00e439fd22e8f6f1b03de0acb9a4a27f063d98d48aafa9465c61.jpg,8
999/f52b653d3f6e238aade99d594d48566452b1fe28b1d6cdd9a437eb17.png,10
999/3b0695f20891ddbe3ea430adecf96938b8855c4e6e4c7878d600b66f.JPG,0
999/b89cc7b54f8dba8240a32375119e8a6c492cb25451bd9666859fe617.jpg,1
999/7ca374bd0a4485c0ba68645bda9dc073460cc85d8dec5ac3d3a93cce.jpg,3
999/fe8ea3838bd544bf452288ac325b0ddd40fec1f3e32113cb477e15be.jpg,0
999/af0fb35145f95e3b59718b2c4a1d432de04b22e3cadc7b1c3bcb4ff6.jpg,1
999/56b8e87d26d5a2864dec633b0c9ee10c403237173d9106e3259ad51b.jpg,6
999/922544066c1f60e47d03658c356ec337c67df3d0d1f7c2c99584bf95.jpg,0
999/14221f1e2c34f74d5c9f466885438cbce71b45221ad23b9ba85a9259.jpg,1
999/a2dc2735d9acc6a692097e941df67489b2804d6647baa9558aa8ab0b.jpg,1
999/9bd2e551ac6fc8a4ba3e4a668bfb9054e116c3a3de05926b034f3700.jpg,8
999/9304bc5fe62c40c361dc50beb442bdd8789a98f27ac2d1a3ce9f7b8a.jpg,8
999/bfca610f8b490659248621ae46978f48f7f998a37d974253dbd130c9.jpg,1
999/69329e02e3e610d4dc4f0d9464ca23a4f88fdf31e76e7dc36e874c6e.jpg,1
999/5933d62281bf40dcd8786daf54da48fe74b129a21d7d3c11fd64e77b.jpg,6
999/62886e4b033bdf4e1fef5e4e07facbcf47b7b5afa06a2f36af5efad8.jpg,10
999/666fc136fba584c5a656d6469a876acc8bc1b1976ceb72afd738e26d.jpg,1
999/ae1e2122466ebbf6ebc3fb9c81453d4b5dc689b175bce76f54d8bd76.jpg,0
999/81ac49aff2ffb8452fd8cd27552988dfd1c450952ad1aca9f71f2a1d.jpg,10
999/c88e9f50bf96dae7c2d6f18286d69ac53c671ca9a8f623993e684539.jpg,8
999/736975a7bc332069d9f9924396485cc9acf98088e6c12ab78051c98c.jpg,6
999/3e662082adcfed98bd8fc5dc3121cede9a05eee6a5f425e6c2879f4b.jpg,9
999/2a742cf535b411cf0f39d4159bbcb36731dc26ab21ac66107349693a.jpg,0
999/3cc672b99f5cdab27f52dc6f9c463f582a3f13110c4e62bbc97a81f2.jpg,1
999/8289bd9607018f1ca40ddf38ba24146e5c6668d79b7e834920b985db.jpeg,1
999/15766467905c44ae05f5cf6213b1ac31460d1ccb37035bf2205107e3.jpg,3
999/11d8e19aa635a5fa50a87222b4651de2b30cc707012ae04464ce97e6.jpg,1
999/c139a37fcbfdd51d6a1ed58a358ec242c2c4c37a2a197b1d586c42d4.jpg,0
999/8e9a88c1f4ef1ecd1a778e351cc2e8838fa500494a60e12ebbc46e4c.jpg,1
999/8b2c5e481231031643d88454fb9e14325654839a649d64b00f271bb0.jpg,3
999/5d232d92013e914962690bd567f90b5727191e340aecbd9ea79fb3c2.png,0
999/1618322391aea414fd6adfc3e55a1a6b90475d4f003236101eecb5af.jpg,6
999/45f6add818c1bc5e4a5d138685bb0a19b5a7377ae61145d35bcaf7ea.jpg,1
999/d000a02ac59d7770dac95e9c24b7fc754c5104dbf8b6ebf78cc9bcd7.jpg,9
999/168234afe0caf658611f772bc9f34aeef567cb0d001b1a166ad9ebb9.jpg,6
999/cf09573b8c7d3d87fa22caa758995bb5fc69f0fb906f6b13044d3d87.jpg,1
999/ac8faced00118b96aeb01b219ba05e16c439ce8665b60e45dddad1e0.jpg,8
999/8503bc65c7635dc230808972b1f70c3f65effd0be76f2174d55b3524.jpg,7
999/0d029f7d2513b71c826e32852ba6469a964aa0ddc4d141e218871f99.jpg,10
999/a2080072a1b56d7b35d0d4351ee91126374c2c43b612dc304db7e4f6.jpg,8
999/bcff271b6829bf4d03f5f7cb0f3936c13d18e963b3ae917a9c16928a.jpg,0
999/83bf1f1017997751785a89bf93be8383ed6fa05c3b4b32dc411e2a5a.jpg,10
999/813d16d83e5e8ff91a308478cb82dcac26c97fd301bb87201c6ae03a.jpg,9
999/2fc2b48a13f161ff8d177d8c7b7f7ef30f0a5e6a8da72e582d25f75c.jpg,10
999/faa59bf9a59a2905a70faf662eb108ad1b5bbb7119d2d3772d51eded.jpg,0
999/7216014fa97a4766c6be67e562f14ed9541f07e43f5ff4706c1e97c4.jpg,8
999/beec9fd1dfe346f93a2a685b9d9b5c30ccea78d9662be23de077f2b2.jpg,1
999/d29af39695bf02152028995716fbab94da9ba860bef44f519ecd28c6.jpg,8
999/0d43186b124cf66c2efe37f210dbb9d6a77736501986849f382ac562.jpg,1
999/d3c8efddb946eed90329fa10b21f8c6fb47c50fcc3b952a3fc76e218.jpg,1
999/830f2e57668f793722b63bdfe34801cd4ef6891b570755ca41d82130.jpg,3
999/ba99e71565f9c66aee3f949fcf8c85190f43ee576c1f096f0b999/351.jpg,1
999/3bf971a7f1bb981110af63762d079882085bf69e596f1573672f8ab8.jpg,8
999/0518f198f707b3363703cf4181712cab8c0785b01400bb9092c759ac.jpeg,1
999/4968136b7fbf254e7ca447c1f8216dab1b03e90c9182287241899568.jpg,1
999/a2092ad5cc923131aeb44c1186858f88d4588f3a0fb3b06b8a7e29e4.jpg,10
999/abc8320d8224f6ffcacc0e0dea04a58c9c33ce6fe83cdf5d4e48f31a.jpg,9
999/f5b5577ce4bf7eb79b423951a190b8a3df681ff388c6f0332c6c66a7.jpg,8
999/4939e2b4c785285b202264c4c36461caa1ef2a5a4ed09fc620a65fcb.png,1
999/c79915d8cb278066184242a6a683b8ee3a7f213ee62301734f5ad728.jpg,0
999/b91217433b3d3e1ed42e9c6e19eaea7c17844030e180e59d63a45b63.jpg,0
999/c089699e125ee5d921ee0e583439d59341629970dd8b2c31ecf99a23.jpg,2
999/7689eb514bf9251571365b3086abe03f6fb97fe1e3719cd6fbe91097.jpg,10
999/6862a8ae84842795ba7b7f09fb7f6392987e39c71a3501bc1496839e.jpg,6
999/49f4c6c3d09fd7a9567ad2e655f5de6406b9e6d5eef21a4409681fb5.jpg,10
999/7f831d7026e09e249fa16f355b85d72474dd7209c3e70b7435966399.jpg,1
999/5560e90ebe2baf755ec859e4cb3376fb64eb0e4209077a31975b68a0.jpg,10
999/cdde739293b9a42c503c97200cacaa90fdd46656a48b099fabb2ed36.jpg,8
999/97a848d28c5dfde56d90629d4f15b31874adbe5dd1c5cb71e810367e.jpg,1
999/233397f9b41b1926ee21363a6ea2be694ab4cd707ce05149e2efdb8e.jpg,6
999/155b6aa5cf42b10164bff30af3cb18a68cbc4521ac0ca74fdf6575b0.jpg,1
999/ee0859567ef52f44fd09ace82a7c1966325adace77c000477f15af74.png,0
999/24e992eacae620f2f98df9d7718abfa64d8f8c22dbff5e0f3679154e.jpg,1
999/f660ce0215535071d5c35a352c05fd4471040aa717e66a6066956cd5.jpg,0
999/3d0c94aa9cc3537da91fbd19b263bfae25ba32fee88d745685e55c19.jpg,6
999/71972789a9ec5a36cc7904bd82857faf702d54f5f0dde0ae7beccb4a.jpg,0
999/5315dca0069fda01d7a6caa269f2b1b971fac4c937cad6e032cb5eb9.jpg,0
999/f3cb2c3c44aa26ab65c8b5fa2cf5263be1af72309f84bd06d14fc84b.jpg,2
999/c8e3f5fbcd964e472f6fe0f193b1f77a2af8039ca41cc2af7a472280.png,10
999/a453ea53c0778ecd8e16dc6e45e0402282fd35d03b9c0fac276019ac.jpg,1
999/f9bfb79e2c4c2446c89007ec3fa0a616e24e941e897d59a58483dd0b.jpg,6
999/c1b116a6695c94eb03866f69663231efc1df0fb9b024059e087979d0.jpg,6
999/9d5bf8ee303166d94e80e52747f5020846c30c1db8e6e84c477eef0f.jpg,0
999/1846eb585c2f2b8066eee9a836c4244126d9a35f1ed19fb0d895ada9.jpg,8
999/45a48e3f2403c851c7805fdafcf636aa1c079d5907b492d24f8702e3.jpg,0
999/5334eae28aa10243757f0a702536ee9b99a643dbf8cc0a38ba417011.jpg,6
999/3f31df353462ea46255b8931dd75858621aa652995a38fa1946d01b1.jpg,6
999/70ab3e89411911065707360ce8cda89fdf6ade7ffb9978523a53f108.jpg,1
999/4ee779c0337e5ac14dca492d6bfe063513992ba37ed1d5f50d136712.jpg,1
999/70e6bf5a9f10efa0bb65f034e896166aa25af7f163c5131a47642bae.jpg,1
999/469404cbf0a0f07dfd860f76b857ea29a49d182d1e1d122c67829cdc.jpg,1
999/9c4bbf8e91aad22a97a08261ff4af6cd8527ce0575ac8aa6cdb74981.jpg,1
999/65c369d96fe27daa798bbf135a90c0423d34d633df87f760c5683d66.jpg,1
999/11a71815af3e4871eeae86a761c177f33a8e5ead3ad9c44526d40e12.jpg,8
999/b4fd98f922159070c63cd1af84632eb64f7875f0b4dc0a9366769902.png,8
999/2ffb3194c4261733e385983a2f7bd4d6de22d04dc2eec50ef781ea06.JPG,6
999/aaadfb02234bf75bc4e66f470f24be9a6cae32d2efa2f12ea63b5606.jpg,3
999/0141178c3406d9ee7c32534db8e5457afa9b79c9a1d35dbaeb5a4dd4.jpg,8
999/94d07a06c709f6ddb527b5bace45e5eb81d3ff3f6b3ccc4ea42e6237.jpg,0
999/307b1b5e528ac4ee9bf8173b92686bf0eb55eb55115c9ed5f514f388.jpg,1
999/b4ab1d9ebb2bd70e64692a933f830d6cceea4307642cf0747cd3ed1b.jpg,0
999/3a7d3da06665a49a61f077e93aceed7ca903f06d126d6111e620c217.jpg,1
999/d48e93f6648d87dbef73ee275f84da6f35abaabc34a74711a304dfa8.jpeg,9
999/39605c36477aa45cd6bd5cf08e14ed4f7dfc4169b9b606ccd1317493.jpg,10
999/1726c0b8711a7334914ae9057a2fde6cfee072c5a9dffe7ce30f0942.jpg,1
999/a064fd5427a161fa4d4b956fbaafef15c936970dfd261944595e1492.JPG,1
999/a5e9928dccaa7feb9351a9e627ac17412e4dbd11f82b48b33b2a525f.jpg,10
999/eeeab14d3332ab1b71753edf45ed4f4f04c1d23756831f4448fde14c.jpg,10
999/344ebacb3c2d65fb39bb26783b18cafddc55c8199c947b3fbd8fc289.jpg,6
999/f6c591d16f02201f672329a56f677671b97f5e85012522cc0afa04e8.jpg,3
999/3c58139eef0c569501e9e9c3b8bb542a2273ad854aa912c683ab5421.jpg,8
999/31e9d52177f7fed6868f8db2fe03f86e5dac9a86fe0915b68fe77b9c.jpg,8
999/9fbc0fb6c7548a12080391052b128e2bb6fd1192cced682578586885.png,10
999/76990487b8608d93a9f2b02c69415d770e735c91ed6eb98b74e7ccc7.jpg,5
999/9a1b143cb29fc812a2ff6d3e862869d1a90c6bf81449d27b644af970.jpg,10
999/09d8531cbab42d0839edb3644187992f52519dccbbdc6720669390ea.jpg,3
999/d67d5b8b25cff65d0271c2c7b576000e4bff529c00c18a38b2a0a991.jpg,0
999/b66d6a8d625127b6a54aed1a164778315370131ad34c635538343721.jpg,0
999/af96e124c89c694f4946fb3e0d0e3f8ce5d7332f79559166380031a0.jpg,10
999/3169896fb32065c018f447c10027c72454a67385f0137640809c4b10.jpg,0
999/76714ea407d06eeed9623d96615b73a2397d38bdb6c1d0d1f9db7a07.jpg,1
999/83eee5ba1666bc857da2d4fc4bde7815c0423bdf5d09a4222f71fe42.jpg,6
999/342ac7054bce85abb2c16289951a818cd9207ef8a7d3dd76690d23a8.jpg,0
999/204c8865220327c11a3006a1912d944684f00fe145b9b58311268c11.jpg,2
999/787ee0c5bf2b812f6083736412e2afa7366ec4f17a85799e5eacae4e.png,0
999/9ef8a481ea266d9620738d34e247b00acf5281edb96c0357f5358b8f.jpg,6
999/78dd0c8f4325f2d7b62b4327244941e35ade719efdaf478da24687ec.jpg,1
999/305dc306d50a9f1b7654f3ab5b2530ba01689f48359ab278fa6aa69b.png,1
999/24c73b671e94a71c2c578cb00d368f7d450592b1100c030ed254b991.jpg,10
999/1da5e85e7bbfb55522a5679469b86664b54f681ad495a4fca9df1079.jpg,1
999/63725cad9ce10d14476052f177e71a5dd11740f516d3292dc2b90e34.jpg,2
999/97c2fb12def07c820eb6c2c994e0af0bbb139792ed6f3d90e6318f3b.png,10
999/fca52878c3d7b4efd2ddf27933ab69a8431a56e64b5bbaff2907423f.jpg,6
999/6bf0d867ac99b6975e36e2e5dd6915a822c52073cb1a5a38b1d98ce5.jpg,1
999/bb7f7e2eded329b0c7e8a2e261d370fd4a523935b9018cb37460fff0.jpg,0
999/15bcd651644373a2da9e4ef9ed1b56c2d94564e197b728fd103951dc.jpg,1
999/0649b6800e7d9a2a2e17ec568ba30acd586f4c2bd4aa372bdfb6e322.jpg,2
999/469d0cc50d1568a93990a71a0aedfb61def43c4361b582bf8e8f8c0f.jpg,4
999/d2bad982dda459039c1129c824141eeee1955bfe282918b3dbbcd16e.jpg,1
999/90925eda5c158dd2cd8ba6ba7c0825c46cc1f09f2cec4398845fee32.jpg,6
999/763a8bdb1f2f5735bb29cf133f2f38c1625508c2da8fc55307a3dcf8.jpg,10
999/fbb7b0403f0ce7e7a95a139d9a1dfda389740c2b087326197d7ee135.png,5
999/cd2d1b5533baf691b3b6e22350b9c493ac4a8d2d92492efb2befd27a.jpg,8
999/d534bb010e7598511f7071aa55df331ad508dd1f9136c22c5061f950.jpg,1
999/a396a34bac707b6c847ffd460dc62b70fd6708844a92f978573fb0d6.jpg,0
999/8826705f39a9f1628763502dc533f5d3add2b5e92bc4a2dd84ffa25d.jpg,8
999/474f0d81977ad07543228914d4f1969b05bfcb2c29c71c4d52d26828.jpg,1
999/51ff2da4fd5b5e683f670282a0ee884375936638b8c997e45a5bee23.jpg,10
999/a138e394bd828cd25ba1412a2a4957d3df613c0b8469b0679aef2103.jpg,6
999/9950cab5224f5edd2455a78e2bf580a879bdb80dc5ca250c9dd33e85.jpg,6
999/711cde5974bc1bf5f432a90793672d4ae5de05df2a8fd2ca0ca3726a.jpg,1
999/ddc01ae1d83b8968c8994074f54cda850a215a483cd734371e82a25c.jpg,0
999/da492e7b64e89793769d28c01e0c5e7161e9a65b7504c101b07af280.jpg,6
999/10a6e452fdb848d6bf89ea3a730b88139a38433df9aa4ef79d0bfc62.jpg,10
999/9a83cc0abc71fae9decece6e173c2755b541239e28101749d12d5b30.jpg,4
999/6ebd6ee679654e03c10032683e7038fa340cf54ed31ff5e6a5bc258d.jpg,1
999/90ff24463b5f01c55dd91b9b02f7161222569471bf9f90a7441e153e.jpg,10
999/1f8aef2d8958538a981ba5d7f127632242f5d6424816c632bae71153.jpg,2
999/71a9f2ceb12754a27731abf86728b3b56de56f4ecbbc4f408efdf1f1.jpg,1
999/3a3670a97700f6f296fda9ae7221e7805bc58bbc637a7f2e827750e8.jpg,0
999/147416534b2b12d8f042817d2705ccdad7ab2bac6954badbbeee5ef1.jpg,3
999/742824f58e1ff1de9f5419beaaad23b2b8db23f0cc2fdbd7ba20532e.jpg,2
999/55141cc63c37b67cd1caea746cf17773661ab91e456aafa0320eb195.jpg,10
999/c71fb513949b2ac74fff2b8fb208513411a8ab4ef325d91b0f0c647d.jpg,1
999/d5d3b467a73cd757040a3318da9e28d971f35fd91684d67ea84c3a4d.jpg,1
999/d3ba8eb0c3eece0d19d5672f7c694537446ab9ad424ca62db0d469df.jpg,1
999/e987457a3fd077ca860442e7a7d041d431e753c8f36330109ade39ff.png,9
999/65cf93b475253c597f0da7f99ad276f9d1b1e7f1eebf5eeeaf697e96.jpg,10
999/2f84ad34be5a023d58ae9d3178243f23a62327336f7e83884efb1b7e.jpg,10
999/8fd8229f882d13e6bd45993e475a28f7d5edab7d6f8f25857a1b4567.jpg,1
999/b92f8bfe1907aafa84e2f174a612d870e20640f8bdd9cecc53937111.png,0
999/a9e307d457300a37a305858ff3a39e1d948c6bc719de7f7f3b8975f3.jpg,1
999/57f1bbe4872d22517d39dacc460f99cc6209414a0b808a7c3fc47d39.jpg,10
999/a212caefe2ca650528fcb9a3964300593fe2ed762a6141cd8a029827.jpg,10
999/ed75a07034b8c320b8610486196c9716e7166b2ec6fe46c2ae8929f6.png,7
999/f802a0a26fdc097ab095f537ed323300fabfdc60bd4482a0482a0962.png,8
999/cfe03e229bc6993b718862a7f776558b45a76bbe60a4159e89172e98.jpg,9
999/ff1a234df81efa7c28bb64d9c78c2d789851857ed9eb91bca5ec6ef4.jpg,2
999/cce11ea2a2e5820e1bf579bdf3a619392427fc480517c6e4e7d77dc7.jpg,4
999/0c21481123e4bdace3d74d15e3101608442c61161f54e1ca31085c1e.jpg,1
999/1b79180ec09daf80160dad2053ec64705ec7958a2316e827ef368bee.jpg,1
999/639f0ff57dc023b7cb78f4cb89df9a27fce29befd542d3a6d75d2681.jpg,9
999/e8a18ca54becf062fee0d0154e6734ba695da94b02e9744b1e43cb9c.jpg,10
999/9e689e9d5f0d6dd8fc336931e68d82b741cc87563adaa71bbdbc57fb.jpg,6
999/988f69c1e291bd09654a79589f01425330004710dca0ecf4e02ffc9c.jpg,1
999/36c17d46e77e6aaf08e421bf5311935585b37509a0d10b3a4e239ec4.jpg,3
999/a8430f68e33da1b96e7bcee8d9665d8a882e838bea8d80c8288e693d.jpg,8
999/f58326c38129d7d62209eb95aecbd1dda9c81b45af2611c573d78b15.jpg,1
999/4923e4d0fc53cb930c35360e85ada0acd8248482a404af4c470f5d5c.jpg,0
999/76ff41aebd535015b6ac86a31d335c95b5199ad460cff654b112265b.jpg,8
999/9b1860ce64fa980ed2d539871dbd827016e20d6f1b90593a75780425.jpg,10
999/c07b23c8b19050f7cf288ed21efe95511c33e9f8b5554be905aed111.jpg,6
999/c8e7d5dc9bc9ab97d24f4d9856a71ad65833de29a956d43457de2c10.jpg,10
999/feece4de9a87a5f6e2c3e5644a9bf6ea32053c7ec0f13dbf65fa3a71.jpg,1
999/82306a41970429974c7e45f362334cea2c10669d8fde6e60aa109e21.jpg,0
999/6c704c0443db82e8f9c625e3a898c699d99dfc0b5564b350312def9e.png,10
999/6edf9d87cda28a16a6839429b0fcd50a874d0810f9d8c38a7ea6ec81.jpg,6
999/d015ba3217a6f114057c76bb0a17e2fdbb95de2ab911db9663d70053.jpg,1
999/d802dac08b042fd34c36383ff66be0c72c54f63f6fd2de50fddb4393.jpg,4
999/e0f4f8f508cdf1d27229cf966e0d8687c494fe6af0b70a47c80fbe99.jpg,1
999/0c7b679062037c1e9eb931b39a8898630d04999/b95bd76514ca3cdb6.jpg,1
999/cf2377611532d64e71cc57dd4bca3d7cada4361d339c1c5f27201684.jpg,0
999/e060f089dc7cf33e2eb42e7571e750c0785d0f88988977b2c4fd4345.jpg,1
999/d38c3b72377e99399315abb344dfa56a9cde4fb35ceb851f3e1f84f1.jpg,0
999/021f2b5eec10abf918f3286b458f00ff191d1005c426a5359e4a9a67.jpg,1
999/8e0326455a706e40e14cf2f3326c5a40276a5660aeff9aebf2a3d734.jpg,5
999/2c3ae79e569e63821e64744dbd0e03a02b7893cc2d0056e29913f271.jpg,6
999/07ebc932da1e47013131feb4aeeb27220240e011dd1d8d7cdabba998.jpg,1
999/00a1ade9d1a52db71e555afe3e87afc2662487ae0ea0dd0ae0584705.jpg,8
999/54302cdc77eba13c03bc5e476abd24472fcd147d579e621d4d859859.jpg,10
999/2baa6aa632096b7be80c925204880b66c03d9289f26a5a4e13bdb9c5.jpg,1
999/aa98f78c4b0fe08a6c0dc1a2e57f43578068289221577688eb9295cb.jpg,2
999/352e1352b1f9e1429b295b05300b52da2684bc7d93414587271db989.jpg,3
999/b91b66e658cc475ed6a1265da36192cff7b7f4bd18d3b7b4780177a1.jpg,0
999/e416e86f7e54dd2d9c5236f56583533e25483b736acae805cb96077d.jpg,5
999/bf1eefe273db99ad295f1a7c4c5bd502bd760094d93900cf35dd6afd.jpg,9
999/30d3a5d1bd5b11027d1a38d81ce23990ec688f313016837076326d16.jpg,8
999/b7287f0744143136e0050fcaa98922218c519fa88a8a1f07bd1a446a.jpg,10
999/4534fc211ff79c56bba7398aa8f53586835870cd121b3c082812e5b9.jpg,10
999/353029e61f8ab2d2044b002f69bcc05ed9ec1c902ff648300465ef6d.jpg,1
999/085ed449eb3cf0385abf225f14bba1617c4645995ec85660e71589f0.png,0
999/eecddfb58e386a50e26b5a0148da03dba019ecfcf94128f87f8f178a.jpg,1
999/e4a731628106a744d39d5eb2a23f482ef1d6e1db7ebea61bdbe3a9cc.jpg,6
999/4ab1647cd72de28de0865aa413ada3e98ca3fd2890a1c554dea7c2c3.jpg,3
999/8f9cd59fe467224d7579c82ba6073ec458ce012b4a80eddb73770094.jpg,0
999/937d87456b1d349d6909cc4833b7c9285f083c5858a597b417e9cc17.jpg,9
999/e0022672991ac159cb4723557406639cf9546eed7f3c60fc7a1fa89d.png,1
999/b8f7600058b5a1e2457bfe9052a70d8ae3dd34c5517253f7e786ae05.jpg,1
999/a8f7c666544aee8997dd737e3d21648a1e89708366c4b8ad32219e3e.jpg,0
999/b13ce09779430007514dd6569871aa7518c7a864ddf58b0fb6e88546.jpg,0
999/196f6933346261c580815865273ca508f506c033ec74a44642eef8a2.jpg,1
999/5e1b0fd2a6de4b109ae21e5bde999/956b80752ae300daea18afc23ae.jpg,1
999/d53747c617d25ceec8c16bfec5e5d17776360650b14a90217193ecfb.jpg,1
999/c2452bd000c2bfe5eeaa5527f4a0578176ca3cf0e889e6f6129719cc.jpg,6
999/6a7333d3a5d7516fc77922390d5a0793167a8c4d1d7999/a077645c75.jpg,0
999/ec89a4a70c0a4aea8bf5ebd5eb92ac5280f03dd75cd6f2829483ca7d.jpg,4
999/4efdfe26097c821fa6f6955d9bf9dab8b02f1c4276fc91da70e401eb.jpg,4
999/7cf4a227dfa3d48a87677423130dcbfc31b1234e5470a9053c3eecdf.jpg,1
999/7b6cf1d00684fb0b18c90313fc2bc9be50bfa40a7dad8e969d4f97d6.jpg,1
999/7620d6d2234dd165ab2e9cdcd177189cf577f2b36fa50cb251d3e4eb.jpeg,1
999/c4feabcdc584d079c814bc3993e6a5efb2a6fec34ce808ee8a6e2059.jpg,0
999/b373e9c1c50ddd36fa856367aeb3563badba976892143b4eb0a32edd.png,9
999/607339a6a6f1e10326c1f37de49633ab03a7a052ba0506bc882c638c.jpg,10
999/d73e484c18cee644756eafb4e22660b79d4ac427c2d61c7c7fa073d7.jpg,8
999/2da2c2cf28da9b0946fa0230f420a83bf2c35565a9e10a28ccf821e7.jpg,1
999/34c70dbe7c2757304b814143bd9beee2acb0a875fc0400967a053594.jpg,6
999/1cfba38df9c1e62f8f0e8c19e30199348b209fd332eaba4d30d01df4.jpg,6
999/49216d7fcaee444b167901504327196f7aba42f811e95d865d9260eb.JPG,3
999/535537f2b1dd7a24b9257f8232fed189f4fea0d6913455fca02a1778.jpg,8
999/db58cfdf7af8c4027ac206f16a1d929d49adf237e7d10ca179013908.jpg,5
999/1b7f8095535a3ddbf78ce4a9cef562a65ec31081fc35551b0aec9bce.jpg,1
999/3cdfa4788dec67d627a79ac2fc501e742f9383d0de990fcd4848edd1.jpg,1
999/d149eef383b9e4581786d16a389e78d9ed8d107e69820c15d484df22.jpg,1
999/61f2754242a9572a9e79de3dc51b7befadcfdd1b54130f0f937b25a8.jpg,8
999/81e9225a7f8ea78dd1e5852cf48562993612fc2d209113fdeec4db86.jpg,1
999/dd993ea049e903e9e1e913482667dd1f39ae82e3df7cc9dfcf3e5145.jpg,1
999/a9571e172d90b2b70f5d4a1a60e4aa4e3ea8003feb37028973f87d13.jpg,8
999/161e2fbd0c1307819cdc9d83bd9c1d28329520a9c4e8671eea4b3b3c.jpg,0
999/8ffa576ef47861031cbbb96f0ea4a605cee13bd4508e5a607c7b2169.jpg,1
999/417dcc95639f568626acc7ac51ff3be456c639602780a00730e9312d.jpg,2
999/7289a7b987a39726b50c5445efb01e590589a158c787a4f2b797d802.jpg,0
999/3aceee8e4c76d17a4e40638bcaa96563d846d343e7aaf893670ddd12.jpg,1
999/f5109fae20c6ed87b68bfd932fe9ba52062573ec6e67375e374daa1c.jpg,1
999/8f5e6c212bebdf365ae6a18d6271202c030f02ba0ece7b7bacf71f16.jpg,0
999/a247684ff75e598d4a354d0593aa89d4ecd453acb0d6704c8215394b.jpg,0
999/95fcb72c6b6e514897690db28a0afe0767154f701297a4d4faea5f13.jpg,8
999/87ac0cc491ee1e81e68b1682947d888805a6cf713a46d802d8bba1c1.jpg,1
999/e0c08cd77e6f5347887c6e54978d85ff3dbc4bfd3a3656e547ce1a0a.jpg,1
999/1d0f00a5c730b96537609180da73cd019290c84565042ceb302d6708.jpg,1
999/c3c6af848c4fe93f68192dc6951bda83672c252b4634dde1b6a29ad2.jpg,1
999/16fe0f4a891f2e9a05785e9b6e4a0bfa5f4afa4eec25af84d627b045.jpg,6
999/6281651c4e137f8bc63e7467c939584793aff184164c6c03c59cacfd.jpg,0
999/1edb39654cafa737c54ca38125d07c97a45b5852a25641884d313e25.jpg,1
999/76acfeb5930f1dc942b7b85a5fc4e6d168dd205c286e77243fc8d791.jpg,8
999/7760fe68f5191fe0a1fa5ddea9672158753b27e0a276401b72982849.jpg,0
999/15542550e6b52c09d360643ddc54245e1020e46d3803928c91b9dd22.jpg,1
999/e196e0da8d3a36cb056453351625f704437cd6c5fdb224ad69bcdb5a.jpg,1
999/4c1034b8deed06bff1f3da6835e616b08db35ab8c4d28ac1a3f21cac.jpg,1
999/9e2c51e1ef483cd825dc46716c8235e5aeeadbc93b9500ab705e1d90.jpg,8
999/3dd1450a52de307a9b3968ef74c3e31563837f3fd6c718ce6cee84e2.jpg,1
999/84175d117617b0131d7c10894012bb315996c529a4822d33d7b01961.jpg,0
999/b67adf79702ea9f572b14ffcbd610ed7a522a30a381ff86b9870da2d.jpg,1
999/33954860d8a3c5386892c4b818770bd4c909b650ab4cb6a4bf7843c6.jpg,0
999/84d13395774c51e661ee0f7ee066cb481ff4a18d5bda0cb64b43e6f6.png,1
999/1a42073cfefb88a997f0056ec31c572c6633ac23c54d015f9d93fe19.jpeg,8
999/d6720bd2a7e2789b5364e9a8c038c724b4bc40f0fa9db11e99421330.jpg,7
999/be612aeb2963fca60a8c2a358f49d3301005f93f2e6e6a040ab18d14.jpg,6
999/549daa488d88b8991b9240cfbd9f21d7b4329c69b46d5d93f119b832.jpg,8
999/d909c87be5c11a04d5c801a37a4245c322a0749a7c66e30517e5ef9a.jpg,1
999/ff6347ddb37288327fbdc8b3de5a2064cd32ae566bcccf4b07be251e.png,1
999/efd4a97d10e0f3088bf32ff89e91dd25784aa7339bcba254e19dabcb.jpg,3
999/011cb0db28d671bc3b8c4641fac887bb9d41c6772e2cb3df2212b182.jpg,1
999/f9571abedc286c71cfe6fe9303a6cc625ca0d1fe90b891920bb978f5.jpg,1
999/58f89420be4fee96302a1a5d8470ec5e650183d14f042dae5e5032f9.jpg,3
999/5e70a004d5856b8ac569986e231679d1a287941bee63ae6d819e79ff.jpg,1
999/fbef8fe31e79fc483a2489577b4bb9868bb516dc4efdd1917f50a9f4.jpg,8
999/6d463a9325bf1de1c6b8b4d611bf01e261ee95043e8ad21105fe22ad.jpg,2
999/485c5d8ab23080f478cd95e22629be751cb0043ad8328b8af5c7f2ee.jpg,10
999/4e28f361568615f9974e031493c43583d1ec26fca7b23cfe4ad4b143.jpg,1
999/c2b6cfa80f3aa691fff1868f74a7d4f2cf9b663615661097283355ca.jpg,1
999/33f9e306d37e8e7d8584cc476458a291fce373fc7423f16ac1ef45f2.jpg,0
999/cb1c4a394925fd9cc71a136ef2573bfb2d46607513d41025a0565ec9.jpg,6
999/a096838b1846ca116652deefc3d7d32e0e4ee538e67094ff843e67ba.jpg,2
999/380dc395701f600637d3ffae88f4bf50c05627cba78b53fa6123218f.jpg,1
999/73a33426f714e6953ada4f2b590f18a2b0e13b8670bbef4e5c6892c6.jpg,2
999/f5891fbde311fa5842b162a41ef953e6f565f43a1fd024d2c01cd740.jpg,0
999/69d6780fa1a2bf48758b41931fc8fba5d17762d80cf3008ea28c1a42.jpg,1
999/ee1f131f9ef4c5437762114eaa1125e0a901669b90d14f428adfea7a.jpg,8
999/d6814a64a143b7a4d68922859be6fe4c1764ff4989b3f8177a2acecf.jpg,9
999/59602e728f0f126d3712fafb51f50d0663ff8074a98d9eca9b1bef7d.jpg,1
999/e471fe7df9193f2407c702ecaea9d731614d9adf67d934048a6a4104.jpg,2
999/941a8e0483b43b924fef502ff4bee1d9a1206b691e16c3202a8493bd.jpg,6
999/79d88c10b0089c2ba44ca8a8458c8ac52d3abc064bc4460c9d647db6.jpg,1
999/da6ccbdf9c7005c5d6183313ef3c2d70d9461d05554b8818f2d35d27.jpg,0
999/9e84a9a8fc2c4361fa5708dd53e0fb85539c94eed28f2e6f49dc0912.jpg,10
999/a8de7faed9ff3fc38a95a3d8da75cb1e7955461287f94c81aed1a6ed.jpg,6
999/e3715794c51949e6e0e6095029c1d56427a4d07e4a79b511fd943218.jpg,1
999/42d2a5da4252759688f7ee87116b59c8d2fb934a754bbf2534dbdc51.jpg,6
999/b826db4295c44e99a51bc3e4a18156dd202ed7d65ed8eb324d859f58.jpg,8
999/44cd2df5a82d00cbe205afa4d6e93f9159153f14ef5ebe8c54a3c5bf.jpg,9
999/4dde1dadfcd66fcbb843d78567897a276c8467491b0d53a9dc1802ab.jpg,9
999/27603f444b61be4477fdfe3b2aee1777fca3a27ebf3458af9beb0d7b.jpg,3
999/702048749ea75814456baefbbb6bd3f0027b5167306a755d68c28acb.jpg,0
999/cfef946e96d527b0e7eb380deb132abf5b0d61ab9b6e72ea52b69adc.jpg,6
999/9b6ded7c430763e9124bc34d85bcb0ad71f37d6f61e7b1a56947dad9.jpg,1
999/18cff479d620027d67a037337c4d2eaa27ebd2425ead61a6fdd9a026.jpg,4
999/e59ad80db79ab7fb6db12c4208792d0cb5857c474f4561428e9cfc35.jpg,9
999/25c655fca4cc174f13d1f3e58045456727d5284d43ce821f65ef6938.jpg,10
999/4fedb7006ea060c231672dc0831569bc429798a171c89d6eeabf7dd1.jpg,1
999/0266081ae6fc60a26b7dfe981c0ffb467e9533a9f8ea98d06d1788fb.jpg,10
999/f7be43b19b420648aca50f1188bfc038fbc179efa814a99b9d7b14f0.jpg,6
999/1fa0f4d1f507bfe0b831020373271f539a78b6f611d0dac31f762b07.jpg,8
999/77bb230277154d90d8d4204891aafbbb347f4f88e5c5744ec3b2d03c.jpg,6
999/d763bd6dfc029beaefd192f3e0cd2d6be65215cb5fc1545aaeb8521b.jpg,1
999/7fc2a4e514e7307324a260a8f4656fbdffe8f8443c97882abbe3913a.jpg,1
999/a5788bc1cbb24603a86aa62701fe274be980b643fcd4741421029d2c.jpg,10
999/f74d17e80136a65293c00ab285de394e6bffffc80469f7ea0c6e5c8c.jpg,1
999/15df6e85cbf31ac6cc4c2cd65567dc5d10c6a6c28cd10b91591fa21c.jpg,0
999/96576e1b19c56326b77dbfb55a7cfc48868a05d91514c03d896fd6ee.jpg,1
999/c061cbb468629815d46126bf2d749ac2ac919c8dbf7de54f2b461ab4.jpg,6
999/0b1b42adc280e80b9ccce63005ec7ddd612bae0b94ffe136cf3f3161.png,9
999/67822de96162ff748e3da4aaad545d342c5c38ecbc392b6f2e0465f4.jpg,0
999/d2a548becdbf441c7a4d1aaf733245502a81f86d71fe128873475e09.jpg,0
999/c6b1718a9b4092f185ead97497ba8fc8c2902a92dd2b9eefb7ce2c03.jpg,0
999/45d8672181325a8cf7bf643ddd647e99b6e137e6ea2f65341576a05d.jpg,1
999/09bc19ce8c088218af519863aec8dd03ff8bd3988223a0113a05dd0b.jpg,0
999/00ec9daa9983daae5fb131b70137eced7d24dfff46c36d98194b91c0.jpg,6
999/c9ef8506e137099bde4d19d299dccf98cac76d6e5c13d911a8795f65.jpg,1
999/7e958876c36659eee0121cf36aaa4084b71c80c49014ab5d3b38d79b.JPG,2
999/a079fd3e9d779acb54b4773ba71f34039412e0206055d7d0983c0b0f.jpg,9
999/60f27105e09d1c2a34087c833a6297aae0efba8630222d771926c0b4.jpg,6
999/21f8ab5d35470e8be7ff16bfdeaf7c582458d799a1019e7bd2d9891d.jpg,6
999/06dbc8f8fb08b0a1cedeccd2da78072630fc6b2dbab3a0180dfb0643.jpg,10
999/5862e82772bb0f41c7fa4aebbd13cd0782791221a58e59fd8cf5d95e.jpg,8
999/881a339c9bbb3744d59263cc5b385370455179c56302866469ef5b9b.jpg,1
999/f897042d1fd4b274e58b75cd000bc1b02bca509d5d8ba621ab9cc69b.jpg,6
999/f17aa34a9b366a8c1a799077153b48fd4809140e6cd71e7ccf71e215.jpg,1
999/086a2c3e05dfa38ba5909cebb518509e18ca34ae25d6e534e68e341c.jpg,0
999/039126676a0486d02a59a7ffa3f1cd8e0c4da5acfcca33d928316f8b.jpg,6
999/ddf31929acb28b054c0706914515fd7db33e3a61f1851db354139031.jpg,1
999/4cecbf1394a3de83846009d64c4a4c7a4785dc33ff8453ee84f5c7a6.jpg,6
999/dc0b8ccb97f209ed94d6a7dec11dc88939793abdddf4ff13bb176bc6.jpg,1
999/15cbc46112f63388f8a5f97cf2500dda71e01d678c003f905780a066.jpg,8
999/9505e89802911c174256a106f7f809806fe76e8536b2c2c3db915e3d.jpg,2
999/969f5306e7a2e7dad98ff09e5eaaf4c3b5612d0a4bbcbd3c404aaae3.jpg,8
999/58bd1c45e9073d135d9f9782c5381427e61b37b37f56f4d2c2f0a627.jpg,10
999/3b297d250445232968f3f53c8db0d92a38c51286e79efb54f5debbf7.jpg,1
999/0539244e0a6cafbf59778157ee8292f1d099cdd7ebe8da653b24d34e.jpg,1
999/ca15f108aafc617e4b94075283d03f04c4613125a3e1db4f202c2b14.jpg,3
999/a8e7182d4dceba29b7455b0dbd4b116e47a914bcb97c6474f88bceac.jpg,1
999/cb8223a7bc26a7b81de2f5a5fb5982c735bb7a9a4d1326569c1a72bd.jpg,6
999/328c54a832b1081a2df838240eb7c9640c032bf3df644c57eb61914c.png,1
999/5bb92635776a17b018cdc2b9e60e6d581279c9720b63641f10f8a91b.jpg,0
999/3544d0df68e21bc1ba950072241a9fa45ffa71714e1a36dc68b239d2.jpg,10
999/d82ec059ef2734256ca211b165321c9fc5658a13c4f073d797034ec9.jpg,1
999/4c8d83d9fec7a3a04b0db12bd74788dbdaa66e58c7df9437e44233ce.jpg,6
999/3a09ff9241b56599309bb938d7341e0246f0961e619a729587d3d63b.jpg,8
999/33841aad6951fa8382f8f82ea05a03b80c67d96e934b400eb7928d3b.JPG,1
999/d8bac62ef9867d665202c0e569c1a4697ca7058f5301f7962baf3438.jpg,7
999/b08ee1ecd55defcc9be6be4b38ded7be6bb9cfd9b8418ab4a08c5efb.jpg,1
999/af83d6fba597defe976787a52a27e6b0e7e22670c4657bd291b518f4.jpg,0
999/7ad60a412d3006fadc2822eaaea6bf96dc71dbe168154f7def8285e9.jpg,1
999/284d49297b6ab16a7a9e25454b1b47d2046451f4f6afe117cf4454bb.jpg,8
999/c6f44a54db490f6510cc110016c308c81081c353f4076d3ceac50097.jpg,6
999/3aa922e7cf3fc96699d46eef0790cc25cfc82cac15ed277db5be3377.jpg,6
999/7274c6e6074693859880266ebac7b9af8dc9138a466841ff9383a747.jpg,0
999/213e1e69d3c2f9c3a6d9baa17771e6ad079abfdd50e9a6049af83dd4.jpg,0
999/6e01aa255ff4ad4f5b49636e658ace6d247505048098fb768c9cd3d2.jpg,1
999/1282199250047aaeee92260ab923c208e9b39eb99723179555338a89.jpg,10
999/4edac60f09938fbc2f237b2d290a13584d26f423267bf006d70d1c58.jpg,9
999/71d3d3146aae2cb14d399f87832da8fc54191c28591a525769b3dc21.jpg,8
999/b21820063dff0b1da67369fce877c7019594a2cbf88b2d424c577a0b.jpg,10
999/077c3ab8d7f5145b56ffe301e9ec439a6f424f58550afc3b9f2123eb.jpg,1
999/a237d1af9de1e3c5426aabda5b6705d8557d1806351a2539bfed757d.jpg,0
999/142338d184e7c29162834b55e287f384427ba1706957ae0641f3fc69.jpg,1
999/5c986ee8439de873d930132ecf466d49a84a3bb18f2340b1d6875aa8.jpg,4
999/d7a5d8f1d6d76f77914bf63b4c111c5be635d5fbb90ff6606a2e84d5.jpg,0
999/f4809e0ea85f5c808a0e2338a3bbd39687f5c3bc6bc7c71c9d52894c.jpg,1
999/f02971ab9d303dce7a7b5ad542a22706177bd1fff296653592f39fff.jpg,0
999/5856fa7be55d11a780cd798a9704ca1fc8038f8dcdc4746abafaccaa.png,0
999/e0386a370583547e6c4e78e92ebbe8d41068a4b00ab60075e869527c.jpg,0
999/3ca6cc1d5183682a1537b05f68571c11c1566ecc2ad80c21f6c8a8fe.jpg,8
999/251ab1a79329f80dffd6fe68ba2e5f39b060502fb13e80e59200ebd0.jpg,1
999/dd46737d690395af571dc00b86ca76f8dbaaf6285b27f476f179e58c.jpg,10
999/79dcf217d8c2a4fa3decc611373031353e8a36283225652a21f92b1e.jpg,1
999/94ead47e7ec9ce3a97a5523de5bf2f30dd86b5119bbcc2d72127c2c6.jpg,6
999/c79cdeb9f5313fca3b8f1d5abf59de07b46eb6fad2b1a6e5961596be.jpg,6
999/88d6a62ec781a9fafde890ebb0c68479cfb06d6834255ef5d4d0dad3.jpg,1
999/5c438de0e118d8491c484ce85db96716dbd24c2df5679bb24caca32d.jpg,8
999/9a9276281eb701554d67f47948f9f90361f2a336cc41dc163f33dd49.jpg,1
999/195a7f713f3e56ebc64f21a1e955d22309c32c261f58acadc04a5d24.JPG,10
999/fae6a4668e20e545b61af077f53d12a9e7564a67fc2f7111bd7bce52.jpg,0
999/c7b165d99ca4885e80818f14123024f7a6122d2bc317eec465e00cc1.jpg,10
999/f2a42bc81cd4ab995ecb9e87cd97cbda11f06241b57ffd84de5c9ada.jpg,1
999/4a1c28354f980b82b845d9e9d7f24c528b60747310dfcca7f0e22c00.jpg,1
999/73f09569fcf919e97187692e2075e8c464554f45b1b0453794b4f494.jpg,0
999/6f3d5ce3cf7b92401e52198d977a7322df672603db063bd1d0fc41cc.jpg,2
999/2df6305b0190e86746aa72a8ae58054e3ff09a89245247b421058ab4.jpeg,1
999/2f3189f4de41401535cc4ad69d1b7ee6dbcb45c641142056fb7a545b.jpg,3
999/b89c7fdf1d89648765cb1e17aa98a9fe796061fa6a78fcc2fcf9a2f8.jpg,10
999/b2622684ac8f4111df9c21d30d9e6e7460366c311e1ad93c34fcbf7c.jpg,8
999/4edc36b849b2d1645532537aed44a026e43f04ab3b49560a8c30065e.jpg,6
999/98b7e8896d63206da9ca0a84f6ebdefd89b78fc5b4e6b1a3ad1d95f5.jpg,1
999/e5bf5ee52aa557dbb28b0b15a4ebe770a4760489f6c6141ece57b880.jpg,6
999/9fdb163f79dbdfa24060dd986c03f4f49694efa0ba24597e9a3263ae.png,2
999/ebee2864e9b241a7e0e5f52b554663bfffc74570ed960816b1523275.jpg,1
999/133a6e90030b5c5c8ee80f91c12adbfc4091c33c375286c610fbd1d8.jpg,1
999/4ab25f8027a65b7013c56fff70e2dd142a99072c2fabf19bd6e54166.jpg,6
999/c3cdb5aa68abcb146f028762b75f738371b2d919e285b93b186ecdd9.jpeg,0
999/9f10123679f081ed41ea0fc5e56355d51e004992c3ef760c307258d9.jpg,6
999/a48b9d79a0cf13627f170544e39fe40cc796fc6440b3da296625cd34.jpg,8
999/8257a102d6f82c314d298bbd5d347991c24dfc1832d618e1f16b1b29.jpg,2
999/aa1a0da337465314b0f8f6fb47f72468902256ed679ffbd87cc0269a.jpg,1
999/ec0ecafdfaa8b8bbfc2cd8ea2044c504b7145017bc8977f91e9eeec2.jpg,1
999/4fb2ca0ecd96ddd56ef7291b27826aff0bbb3bad565f1cf6da97e90d.jpg,1
999/6f949949ecf4c0ea353e30f15ab4d1518a48dc7aa5c5e90a46e527c0.jpg,1
999/fbf568e6c1c47717baeb0489bbd64b3e496472ddf1d2aef257b49093.jpg,2
999/8b6dfb68b26e7e998d985abea295295d6476c154b58034294df21a2c.jpg,1
999/1867d15d5c7e0a9f179fa99464077aba22c7668236287c94716f7c3d.jpg,6
999/268946f4f08f5f94b67494b36d8bbafae8da68c0549872e9d3ab0755.jpg,1
999/6f39d31e80f62fe880cf82fd04b5177b1d0a7301537142825d52136c.jpg,0
999/eec82ccfec7defce81573c16b2a6806561fde25197f60ac2fe5e0a72.jpg,0
999/03ce83ef2da360648d59fe0b8345c330abbf6c5ae7c40b9c7cd123dd.jpg,6
999/9712e116e3c8a042fbad49364e85c2932d1c5f3a5cf6ec5f3bb01182.jpg,1
999/0fa9f90b4a0eb01ca1af968e13efc6fe279da620f10602c1e865ea48.jpg,10
999/e301e8cdc9e1a58cd85a9e4dbc79d38c43c83ad7a9dfa271308ccc82.jpg,9
999/e8af3e9e1398ff219454222dfd42317c818d40ec43c46f2851142825.jpg,1
999/9f18d00319329ea7f27be647412a187cd251a378710ad280c0898e55.jpg,0
999/9d273c42e736c1a6ba578079917a5f210b706e7c28104f5ea540f7d3.jpg,0
999/9a6a78c3af0b9a1fb341d53b044bb46c3e48b510630c335aa76b8e5d.JPG,8
999/b5e5c048b9e98001f10491907c1102a583d317c1742cf995aefc02b9.jpg,10
999/97b8b58983c117885f2252799678379601937ac100542cf683444151.jpg,0
999/2729a5930244cefef837efd4f8183879818fd134488bf95e198e808f.jpg,1
999/96d00624c47b5ea5b19aa25d8670c01fef0668678dc169985114c37d.jpg,1
999/492a5d3d2179aa88ea4a6803a7f26e09ad199cd9899a968be8397a27.jpg,1
999/6c6c46bb90b5bbb587994678ed665f928392cbc538e2e51fa91c31ae.jpg,6
999/20da163aa7f92ce8d2996ea139b877b96b17d96ddb53b075f694575d.jpg,3
999/2e6ee2bc246b6783e5618b8e2e5d340e6781c0e46959783f4b87267f.jpg,1
999/98a82699a9e1c8d4c54cb63ebd5732ea992d22249e6e3799323e64cf.jpg,1
999/123b414ff863159b192e9e72ad77402858cb35035a57416377c5c673.jpg,0
999/e08f5ba5724377a1211ec0eb7ccb4996ab718af317289e35ce4d35c1.jpg,8
999/1b23d733f4c4d8a2dffec7dc392ed618dbc8794abf30f80b5f4da9d4.jpg,10
999/f63e5a3b227ed8c18c65324f598a695f4d1e42012596b02a43a5e832.jpg,10
999/d837bd44118afd6f89339ef057ee62cbfefc4cbb18de3b0fc3b9aeea.jpg,1
999/59aef65bd567c9b7632da5cdaf6a7bc4b01acc1b88ef87b9c1890e22.jpg,6
999/ef436dd9d640e68331374825b8edceeaa3f517d19bb06621feda8d93.png,6
999/c22c95fe4dcfe7127a4dac52584456ab5d3dc5c82518ce2891de504a.jpg,6
999/8dd24cc55349acc6fcc488b03ae6251092007d8039303addd42728be.png,10
999/b96d1bf2e39a6581e70ece5d5e80037405742ed364e4e30bedd2880e.jpg,8
999/a7d73909cb502638bdc503b469ee6785795bbc696ee437efce98154e.jpg,1
999/99b9c26c63f7274ec4edd182e7a7c497b361498eaf37bf97a2c8deca.jpg,0
999/11e914de72bb6c2a55cd6b0aecc731bbb1e2d5c3bedb37ff137b2896.jpg,1
999/b3cb50426d79a9949ac5a50553df6d78bb5834c66064d1c489b493f8.jpg,1
999/20972dd3570d5356f9e38cf75a6f64bffb658122a3db6c01e3f56458.jpg,3
999/88a8536d0d74900cfe292b9b444092d85a4b1dade8dc7aac34b6b353.jpg,2
999/e4f6fc08f65bda51c87d61b27f2c0a3075777fa88a096d2389382427.png,10
999/c41c721c45655ebbbca30e58330339174925bb07e15f2a6324ee1d96.JPG,10
999/1390de8d39ce140b93a1d2ff908c6fbe3dc9429fbcef4b8a66d6f5e6.jpg,8
999/4f6ba53ac6347b17e6ce1d5c9c00636dfcece8765588c6e8cc89567d.jpg,6
999/1de42f0ed2729f4d278cb02325f2d62c3aa29448d747409fc6a2af1a.JPG,0
999/3c35ca0738333054f28d0f36af32bcaf1d7cb299c70219e243126b97.jpg,6
999/c82f315385c7811b8d31d326c73174b00927e16cfb3b718173bb2e0e.jpeg,1
999/c8bb3cdfa1653cec5fd444a5efb6b7dee732ae91309daf8d7ef05e70.jpg,1
999/d64a757ca147840dd857c2c189084d44af3e11e74e2d6e0733bdc7ba.jpg,2
999/ae13918061202e9d0de53a4d54fb8589bb537dd2ad1bd4ff8a370612.jpg,1
999/fdf036a6b5bc3dff6ef0ffc22af4d94c3d17d84cb498d16cf7a2c7d4.jpg,10
999/90e7a645d25811040863bdb34b7127e0aceb57bdad7741ce2babf8cb.jpg,0
999/afa51130ef97b2e515d0df3087e40706857b83add63c0ddfced2e745.jpg,9
999/e5cff98a9f66173f3bc905829c762ef801ed8c83604e4f2f1a4e8b1f.jpg,0
999/11afea549019e30fbe2010660e4ef2955a93b44b76ddf46eca944547.jpg,6
999/54250ef6a13ef582fa90baa716a8a7dc1bfea7642310ccb586648051.jpg,1
999/3828159dec741f7848cb2b849d772f709eb2e504e99449f530799dfd.jpg,1
999/300e3f0e54b8305d8218f800992192a3f2761adc20d549e277323168.jpg,1
999/fdee303ebb6efe8361038d65c767ad4f4401417bd4c1ac0a0bf1aca6.jpg,10
999/c71b9a71a654d582c2b8519e693318a7c3f97c76d5a1aac41220e2cc.jpg,9
999/29b67b03c34a2f676e611d121902cdbbb0fd04f6011a6c32d96333d3.jpg,0
999/df9820d54262bef72e519d1a09b8c8bdd87b38ca03c66a23540cf8c5.jpg,1
999/25fa8998cfe34d7f7e9696b60630a8a493182c4da06b59d56a0ca6ed.jpg,3
999/1e986b44989a8ec73065ddca6249b982fbca4f925b0e3ab195cb27c9.jpg,10
999/1b45a5e817c4e9a9e48816d08cbdeef167f944a6a1816e0f47fccf2e.jpg,8
999/682088fe20285b310a433afaed681153df4c6f05e92cb3fcf39d8fea.jpg,2
999/1e0bafa4212535d96aa5c00e6d5fab1fe80fad6b3b33bb41fc63f51f.jpg,1
999/c705919dae603a4eb78d0723d2240e04bc6cf71b421879657878d497.jpg,10
999/fcbf58c8a151ac088da25d334b49fe89b11f171b74408d238eb03f2e.jpg,6
999/8aac6a57ab0f95fda696adb571d6ab73290155aee98b527bdace986c.jpg,0
999/e3ff43f1a2f868f64651355ec5feb2793a1e3783addbbc6a406b6427.jpg,10
999/a9f947deb906ce8f1a6f6f1788e79dc692b867983d4d2b4edf2ece46.jpg,1
999/b90a18c299fd7e6626336ecd340acc69fc0f9cc6905ff04fafc9710b.png,1
999/45db2047edf3d6b2db2fee5205ce7960c3e94e585ce90ae00bbfdf38.jpg,6
999/469058abf128b2f80882209d4b493cc86119716ce9eadfe77a84df25.jpg,1
999/4183ac53678b5c4b5f920d428be8094ffbebffefa51c0bdd254b6085.jpg,10
999/8ac7d4f0189587e1d7b72f5148c0807fe0cba57482d5588f3d9a601a.jpg,6
999/d19bdd1cce1b84a0068ebcfdc4da74ece88d875b7e8f74e53d362444.jpg,6
999/40a7170a4af91d119b54bc8bf6b15ae807afe7e0154966aadffda24f.jpg,6
999/0c600f7054a89c4efc302fa8bba22cc9a8221048aadf695006add898.jpg,1
999/a4fa7e9f6bcbd37df10d131dcfe0f5545aed11509ebba3c51343dba7.jpg,6
999/34f02effedc0b6bd65eceda18319637830a02e19e5368f95392826cf.jpg,2
999/af9b3f4b4813281014d2bcbb7549e66625af1ab630c0098198372f15.jpg,10
999/10e14673b630198aa8a814e16c2768fb52d83379d605e56e213e1432.jpg,0
999/edf980956ef851676db8e7de55df9a9810c56d1cad3dca9c6b38326a.jpg,1
999/1627a66b39cd60706244378deccaa6789e0cb501fc925b121c47ea78.JPG,1
999/1318b03d196c43b018d583cfe4dbcf69e022e9a1824915e40ef2729d.jpg,1
999/5d6b13e9558acfb221c013e8ee74b25890a00e0504d8b3582bda123d.jpg,1
999/cbdce6537726e1cea0367ec00b03caede25b535c0a54474ef150c2e2.jpg,10
999/93c4c97a30b082698508f1e8b4f46411f1b7089e6cc4d6a1e5dcf497.jpg,8
999/462917391fe30a07531ec5122a9b36b03cede76dbbb94cb9d6dff8b1.png,1
999/71a0a23f9024042a453913314ff6e818a65f448617ff9715e081430f.jpg,6
999/1c36461864a9226ea588c6e429aca6bc2024fbc6748cb1d75e654918.jpg,1
999/3b09c775e617a6938e5166c5230bcef18a875f08b56adbabf89fba04.jpg,5
999/66da43aba0789d4688f1be2d74be569104708ea97bc55eea9d904a84.jpg,10
999/04f2b7b03fca200fe217a0e2efde62820acd3e5a5617968d5eb0f625.jpg,0
999/3bee3b8fb417126cc426457875df0c4c6a98cc88cfe5f71c2be51af9.jpg,10
999/ad3de71fb64ccb642d9d70a7ab4ce61a96554e62217ce5f2e8a0612a.jpg,0
999/e950c716f9088ef26ec964dbcdf8e01809b491796310987c96df940c.jpg,9
999/df7ed0b9c11288add1a4b89fd3d2c55755c4b5888c9cb2a7d14d6ba1.jpg,0
999/182a0e448d1e4af24f32c9640b582dbe8cfa00730a1071a81629110f.jpg,0
999/4d4bebf813ead8b814ef834ec80af004c966f535c5e3508d94be3f60.jpg,1
999/c81621faf8ea919d10ffb24e7e01bf1a45a3f12d9f5b4bfa4825b908.jpg,0
999/328d0cfaf7ad89777d3a8e92993d1069be74fa733a7fe5f273784840.JPG,0
999/c5b59dd8075cbe19af8283de95d60b7ce3699dc9fce7190bd8dea7ba.jpg,1
999/26de5f4b4e5b3d358caa7304c717b4f57f7fcfef0923e3781842a815.jpg,0
999/2a1d7094f6aa7538102daeb449525b102ac2c7870f1df3cb365d18d8.jpg,1
999/76111e9017a65c0c5a3662eec32dda3d5be17cdfd8fad52df343ba7d.png,8
999/baa2da32655ecce2ace59cb12a40f6a90cea62d7d9ef51553f776ade.jpg,1
999/94ea9fbb6c5f20d14468ca8e04cae1c0292acf377dedf509105efe06.jpg,10
999/a5df2312f2e0f5c63fbf31f700fd7f5213b2e360bf9d7e6fa687fe5e.jpg,1
999/b055fe3dd4c626b640a67e06cc6da0285e47689e64a1747a610e48c3.jpg,1
999/8006aca3853a3d4a15d26a92c0e60db7ce0da560fae4d3d3b8fabb0c.jpg,10
999/cb3c68fd936a071e76c8d2ca74b2d87382372534d7f7567737109e41.jpg,1
999/4162e05c9956588c1a6462ffd1639152c904dbd9895c3418b3311d06.png,10
999/44f50dd7309448739e4282fbe5e93dce9205f14fd47ad14159c8caf1.jpg,10
999/b3032fa24fa6fee1dc45110efb4c2462945b5e9979ef0b8396e652d0.jpg,1
999/43500adc906126a0f2f79d7820e4ab30856f47660f596f358ae0a5bd.jpg,10
999/ead86d677f04d323efda84b702e930e15eec4e990cd50a744e6aac1e.jpg,1
999/11f0a4faaa14adc883c9b2d3a1ff5edd59378c1395123c33cfdac50e.jpg,0
999/5346cf30bdb071af0a530af7611cd8b924e1043053126dd2124477c8.jpg,0
999/5b4c33ae1fa35556ffe6d8650f3053f11a95d217d0d98bbf076cf549.jpg,1
999/9c85703a2754e42817655fd2705c9d4fcda9b9480ccbffc7ddf57d8c.jpg,10
999/fb945bcce395e3de3a9d8478f32b7f796af63673d1aaa1a2119d46de.jpg,2
999/7ffb6300104acf4f6da66194bdfef3a3e8546796a4c5c550a2a4a345.jpg,0
999/c8787c402e17ac4e6763af63cfef63bed9cb20a362f93e50f4e12aed.jpg,1
999/402b88c05c6ff953ecd1a3fda7ae9a2c001d976e87652b5fce2786b8.jpg,10
999/d8bf1001a74843900d6652cda9cbb2ecb103d42a23077128a48fd5b4.jpg,1
999/9320a6e170603ba610a113a3d60339759191bebfb6ff005a7370d88c.jpg,0
999/cb11ddce7e1c108c201a3dd557fdb0a9d941287d9d449a50f9501b2b.jpg,1
999/1231715283c5cb3c0bfe72ca2bcec40cf3bbb5ce047e77f3c0b20c00.jpg,8
999/ff60b4ad28f8fe83f2d4eab7988fd737e8a39b1bb4809e723ece423e.jpg,1
999/2043aae2ee003db877113b13c18d157f2a385ed18385b88c62284013.jpg,1
999/7d2516a7f8d590a55cce034974c1d2b162270868545b99dca1403110.jpg,8
999/435ebd05fa6144bb3f6b34b22400657a9c901688edd833cea7ef846b.jpg,6
999/f89c81fbd27da34177fe0bb71f5136fdd9a15cbfa01cd01ba369977c.jpg,10
999/28e63c6e40eb143667c609be654a24fb4db5d8903917f7417ae006dd.jpg,1
999/3c71b4431424a3fd0b93144383da07199c5d1cf48935b99c93f0071f.jpg,7
999/8c4921a14038055398063a7b282927c932eb526bbe6b9051f877a031.jpg,1
999/45826f23dd66e15db6281d6945294206799c5372a62162604f60ed45.JPG,10
999/baadaddce2e8f1f1b7e6dad3b03f75d6d1dae2dc91dff011d58e96b2.jpg,2
999/c545cf62331c4e0fa3e3ffd650c4d813f23da3784a08b4a6d5106ede.jpg,0
999/dd857103d8e20c15c17638b3de128dd9bc5db7e20e142bf4157b8240.jpg,1
999/fae28677ff85d7595a8cb4fe112b9703d56df7b6588139302a3fb396.jpg,1
999/8dc877162fed727989e08d4b05d7c4a000837ffdeccc5e6e6c6b679b.jpg,10
999/c88bac7e40ed7aaab443a24149e7022483190c1949809072b3d711a5.jpg,0
999/01b2e7adaabe9157d54328b29761390fe6dca0105e7caee65c205ea4.jpg,9
999/1e2eaad3d5b577bea03bcef3a3a2ff4d59655c946327a3b510792a3e.jpg,1
999/c949aa07a73ed1c0be03ee2f09c542b24039adf24259374420874914.jpg,8
999/68405d517a1536a9be32770a46b6cf70e0e8d1920068dadc4bd0bbc0.jpg,8
999/e70d26b0d397dae76619cc816440603066ee77c2ed7a86b809fb3e0c.jpg,1
999/a1a152875e894fc548722ea36d7ac138f184e5340022fd13b6b20cb4.jpg,6
999/23092c4ad92841d0b894873f0fec54ab4729a5f3c7253a56d650bff4.jpg,0
999/2544f354eee2f154b3390484538aa73b56696ede22fa4f3cf1ecacc8.jpg,1
999/ba00740ec38b1169e045a4614f559cc33f9b54e91b255f478963a1ca.jpg,0
999/968238ea1deda50395236c9ed6a16e09142a41acecfd30b7f880a524.jpg,0
999/59ca2009e7af1f249c3c83056cf6f64847d2c5b032ba27a43ddcbeee.jpg,6
999/30f35fe596de2665c88090987b8ef4c7c580d4a4d8caf96cd847d594.jpg,10
999/45a74072a430210304c704cc31018e1c14d0032f2941ad492c25a23e.jpg,9
999/662e0bd74275736600315a96785878901e1780ce84fa019505b08b7e.jpg,1
999/5fc249e96b473661f09887ca532c121b45aafa2f26b5c36b5341f701.jpg,10
999/fac137f654d0af1f02ce7259b1837dead6a442331ebb08ead691b1c4.jpg,1
999/8d704c0048ebac306206658dfff84239e42019028a4d0f38858623c9.png,1
999/1b51b57e874d9373d6eeb81ea3597b109f7c9fbfcca952ec89242960.jpg,1
999/5588016b26cba7ae6f45b68d8fdf248469cd0668888a01a23384ca0c.jpg,10
999/b8fc667548231ae7dc531311ee27c024e5a8f6a6e198ea3db04bc3d1.jpg,6
999/1cb74e6a6ff59609876457bf9b1f9fb07cc89327a11cdf757db485dc.png,10
999/9987e83127f5bdcbef3ce8f3fcaf244e9727a8860fafea8425829979.jpg,3
999/f2fb3cd9294a516e694ec1abf24eea74d3559add160d73fb9ba3dc8d.JPG,10
999/64805f8bb54db318436fbd90bbaad4730806d0aea1abd39a1761483c.jpg,10
999/628c85301983ca4566692d2910270ccad19858c1ea2a320eac5d0398.png,10
999/6d88d913639577fc7ef9757de0f45b121b22e18c41cff003e955562a.jpg,1
999/bc65a0844eeb06847dcc8a17c4e3fa3451156d66874cd1199393ff20.jpg,1
999/620d290080248930c544d2703314100e81a6c5b1d6da6118f425364e.jpg,10
999/9633c66b06f4dd36ec92a34378a749ae6447fcfe28c8d4cbb7c1e0c5.jpg,10
999/16e970c831a8660f986dc868d1a6a0e8daf0603fc9df8b0b6a0fc5a7.jpg,10
999/a2c25b1a1ab250f9e80d0c006b74ff69cd059300648b19162dd0c6e4.jpg,0
999/b7da4393069040179917f1183610fa83a9b23e10b9d30dd9b2cc1e41.jpg,1
999/acd065dd42451251be8bbf928314a738fa0fd6e10ca38ff37c35f158.JPG,1
999/d93880c39d136ec929bf35986e676c753527609acd504ebafc872bb1.jpg,1
999/444abe6949fea711def4a51fdd803da1064836f9fa3f19f6f037f9b3.jpg,2
999/c068649663d4c4d41cd7318ac3a00b2aaddda029161d75d743748fd7.jpg,1
999/d5ae5c0ef214a8074cecc60488898fc0cc063cc095a68ef0e29315a9.jpg,1
999/23c2aea25368492c2d9c6bf937aa5638ff90f9711eb6b1c8cb214039.jpg,0
999/221b44541ab39810fccc4a78b13f9a681e881e13ad6261564da87a5b.jpg,10
999/23debe38681831e0969a988c894aadd98995cf9035ca1bcab96e7aab.jpg,1
999/b9edbe21f571d52d1932fd6264914d7cd3953d4d4fdb5c49c55c0067.jpg,1
999/503dec05badbd94dc84cf65ca589570aa38a6fb058569082cbe316f6.jpg,1
999/09a398ce096340bcc952b64e0d357c8eee46620364bc8a416e6e3d15.jpg,1
999/9e4f7166a8250d31dcf297aebfb36e81bde43b4625923245581cd131.jpg,1
999/5ce3afb5c0c01108f714101697ca4f6d7434321bf6c41d2beb6a0a8f.jpg,8
999/013bc34c0313130d8097caa02ffee62b72a4a9eccd11244a7b41862f.jpg,1
999/35c5ca25e612b3bc2bea49fa458f99a34ff02e1c92ab8c9b686c9567.jpg,0
999/e12a217a853fbaa4c9aa2f7b12d837e8079e46bf5df6f9535691cde1.jpg,1
999/a09751fe997e3e55faa4bd8aebd97ab9f6a952d1d041ab5f5b718fbb.jpg,9
999/475fe7b8dba6799ba82b2556f6efae65aee6ee6a3b951484f85acf86.jpg,1
999/7ab3c1cc1b874399f8003e63d5b375ee9ca86cf107e288916a6654a6.jpg,0
999/716fc3c179528d3aa4651c72c9fc238aa48b00edb554dfc10d546cc3.jpg,1
999/05b31403c81666c3556c19283537b9206411daa0809531e5697459ad.jpg,10
999/b444c2de0d3cf2a155078d02e4f77220efc7b263723d657ca4a0147a.jpg,9
999/d0a732f6184f2f1734dc1458e3ca4a2b8023d9f5ee7be9d2d50b2850.jpg,0
999/3f562b7ce8f776137d835b975458d2abc8bfd9b505e8437d6bed821b.jpg,1
999/dad614a6744ee18c2bcc9471e9ac6ff9e727338388391df5284d31c5.jpg,1
999/2b0100b935f47a5d4d6208b95c218e2cdd1ebdf40ec363e4ee297467.jpg,3
999/6300458682081be7962312b8624eff02892fe1271bcfa2d8dc05b346.png,7
999/3b68ae4da70a4ab57d5eb26b61f59c9622d2d9f09e2ea920e7525361.jpg,7
999/70ea08bf919256a58c2538f74b3613dd3c6c2d9199b041f0eb9d9a56.jpg,7
999/e8bf4708004df0e3292e3607fe2bfa3c5aad6fd6c7bf07545cbdba93.jpg,1
999/0af7795baa57e3b52aec1ded9d9b6288a6b076f4905f2b1acbfbc404.jpg,8
999/7f5dd27912cd7785f78278f2ee0b1448d81c0b97b743bb3757b40cfd.jpg,0
999/436fc29ec6a4dd5aa65c095990b2f15ed8695f1fedf3343d478e6628.jpg,1
999/cbf4d69cbba3fce2d6e94dd5b278f4b5f79a65a0699de2f7c2de3701.jpg,10
999/0bcde207af2201ada32fbdbcd14bc8e0bfd3be517ce72abd4040bae4.jpg,1
999/0e02bcdc95df283ef71e3e5851147c05235353e877441bc823ccebdc.jpg,10
999/ad28287ef751bf432dba92d2367a27db6738fa600e8fb04ec7badc9c.jpg,6
999/f29f48ba67f3b63823be2b2dd0fe2558c48155cb5a8ebac6406f4864.jpg,8
999/fe35ce121cf3c0e83188033d49ba927cf561a00594db76fe9422b817.jpg,1
999/01e6e4b3abeeaf14ac322b718bae634c442311641d327b2883b56b56.jpg,2
999/0e07577f956a33f07f5cd7ebb215997fde62d2338ad276fe33571201.jpg,0
999/809a808b9f2e2933590f1d477b7689340debf6141eb5e5f6c5af503f.jpg,0
999/6b463b9fdd50c639e792482760bc48320903189c5143a1b5fbab4aa5.jpg,1
999/51388e92f1d38c2e29ff1ecb49a92910ae1a5e28b49e9f7642145dc8.jpg,9
999/124cb9764ac4ef9eddb50c824a46694c796454ba0b89b8ece7216cff.jpg,10
999/10145dc0bae28900aba714e235cdab47bdc39376ea46ddb1b7a30e87.jpg,6
999/8dc4a44fae2e30e2cc246acd2b28024d0c8b66503e23e1a827d74581.jpg,5
999/d31807d25494335cbb9a29e7abd6cc395cb1172cbbaf04d874a596f5.jpg,6
999/c7bd2f47efa19c6ba1fe4c6e45ea4d0a70237d9b16b1be3d26f1d2b7.jpg,6
999/d4350801661630366461378342674a25e305806edfff9c4ac71fc816.jpg,3
999/91013aa6743892c3ac6be9d608492dfceb6d5cf287b370c93abf59d2.jpg,6
999/ce4bac3cd4b22793f5f899b3a6d17b8846512c85a389b20ef9e5d2b5.jpg,1
999/a4145d5b848854366fefea936b8c8299541cad14f69b8792433d04ca.jpg,1
999/d675cc5943a816ffe8fbd7adb3b61a874afcd9900ae9788617a3b1e2.jpg,1
999/772123d2e994f8d52a3e0b345d655c9149b3bcd66c1c550ea92e7059.jpg,1
999/b2ac33b36439fadbbf893403d520f2bf2633891bc0f3f931b28d4d73.jpg,0
999/17d1a285107cb75132f49fb2d678e33fecb180b8c9c8b2659b2f337c.jpg,1
999/790fcc5a44f006cc3bd2a7b791640203cae6df6e1d0912f825e4a3fa.jpg,1
999/5d1408258cb4c8ec72a458deee49a0ba5fe94d705371a0d9b7ff80df.jpg,1
999/923fa96eba923b12dbe3e9305acf2fc97c93c5e6aae146db3673c9f1.jpg,0
999/71a9bb5e78ebb2d8e4b896536852e747b7525a7b0ad1d9c1c9c1c652.jpg,1
999/112ba1b03c7921161724358b247a1cbd2144cd0190abca2c15d2f9bf.jpg,6
999/45af73f29c3c3a84c55bd199bfdbecf92b38660e0e69c7039eef0bf4.jpg,6
999/9a3fb62e7db9ab8234ae97808ae41c5919eee3e4bb787f2cba8eff06.jpg,1
999/515f5d615555d87f181efc8c16bec82e06ffa3bfaacb2a04b9916a4a.png,0
999/389c8a4c593ab1b11be22fbb38ebd2399621108aeb73b5c3ed1dbfb0.JPG,10
999/a46c2ece6c6494d055d6e10a6db3066acbb00bc71afe78bf2e581274.jpg,1
999/8dceff932ecea886036ce578943943c5746f773432ec8eac636a4d84.jpg,2
999/5d32141d94233f5ed76517234cf45057515ea5d1c9abe46040978af9.jpg,3
999/7f496dbe6c72a2a7a2ada3510d1dcbd779a6d2e2d96044914ae0abfe.jpg,5
999/e8ad2fcf20e9d78feea92eda3fe3fedb78e2851c3fba0ddc99d82af5.jpg,1
999/0143b94b7094c71398c5405051c4340916fd8be4d9e10ce0bce97265.jpg,1
999/4029781c651a752345d42650b68b576f10ff06318919306215cef9c5.jpg,1
999/5078c6a2d5e44ac95bd652036a9d80f64fb6958525dc3ea468d5f021.jpg,1
999/a0ce866d218efad640a5cef176286407228a028239a59c72998bb4df.jpg,2
999/3994ea06380178be5b2d474035a0098acdd9ee4be327b0f2d2dfd42e.jpg,9
999/512de85740cc737dc698551a2867803f1d7b01bfb8c07a9a59afeaad.jpg,9
999/2665b13b87f6853f24fbc096e80aebed3fec16c052f1f5e2b7de25e7.jpg,1
999/adfe9c2924f436e57931bdb081bea7a2de85de8f62a924f2873e1242.jpg,0
999/0180e24546db845c20b170d1e9124829bcefda82643e8a85fb3a3849.jpg,1
999/5e97a61f182026feb5f48029c49056cb28e5ccca2382db3b35504b44.jpg,1
999/3aa8c66f5d5aa54a4c6b50f09f0ba409d8ceb250e8ca7617fd75ff22.jpg,0
999/fe945f90ecee118582f96307db576c202048c21e71f8438ebf887250.png,1
999/8f737e8570b6dd484783fa91621dfe1435c1dd03fb26425f547b99dc.jpg,1
999/8e8a94694218732810b764782f90a00d6be1b7e20b5cc4fc9f04222b.bmp,8
999/db33a50b526a44519932bed61df47385fa96addefe52a067d9594ddd.jpg,1
999/c6dbfe63ed9eda2452bf8b5d14c651049ed2668893bef4902d43b3df.jpg,6
999/b5543606f4e43b1a1700af1d01d1375d6ad9a4d9c91cdb944ba2d006.jpg,10
999/cf9329ee3db04b1b4984a0e63e3da60d1f238afb5b38840b3da61357.jpg,10
999/19beee54b768514599de250e5d12763141f8a874007a8b63d61ba493.jpg,9
999/f8654db5f3583ac5ad63543c3a2517aaed5d7e8197665ad0d6cf554e.jpg,10
999/bb77a5e4092c4ef7931f3baeb97377f620b8ae62eed3e15b2da77f5e.jpg,4
999/fcd55e5c20418f214c3483383d583d6449fd2071839ac6fce77c88df.jpg,0
999/a4b65b1f3877854af9f9bb84676e6044673d889faab03f4455e2b2a3.jpg,8
999/c2df62c8e2e36fbd45b845d8fa42dffeec799cc7513c02f0be10939b.jpg,6
999/1d3baa79d88c7aea9f6399a1fa965f908e765d3f807d6511cedc5cdf.jpg,0
999/1832357bfd1117c88d81b3b7ff54b2b9c0f212e1effd6826c66ac536.jpg,0
999/5b41c2f4a0b355ad27bb0322411b7248612b6ef0ffdb6ab5397f8a61.jpg,10
999/308299a5bc7f415b5187d4cad9d125fa0284ffbdde3bfbffe6e92c41.jpg,6
999/9c0d8e1f3b0234f00f2e6df6f52819b5784c486b5f36dfa62d21646f.jpg,1
999/624d37c339dc95b84ad62f2b4842f32b47e7b788c2829f1905524d00.jpg,1
999/be110ba612fb244dece6644bbb47e8392e44da097e9e60fe80b76e26.jpg,1
999/345b9a63ca60e915479354ac24d93369b80ac846f5036790c11f822c.jpg,10
999/ad4320fb7e7a052df6b37e2ea6c16400ba4e0fd07aeaf512e1eecd78.jpg,1
999/f1bec387b8d2157d47db28d56b3262920dc8e44fb2e55c4b4de16fae.jpg,1
999/181c90fbec4f27e986ee6407fdace0f7b6d2470e5029ac77f6d898e2.jpg,1
999/206945b802dd277082de69f0f0866a1434812fe2ef267bc0ebc3c0f9.jpg,0
999/c86420c1cee9c3ad6d5de2fbeae67fdbcdf72f7f73392d7ffc6c01f8.jpg,6
999/1d2044e44068ca07630d84494b281591fb78019c23ffaab94a9e3d23.jpg,1
999/114f172b79c03f73e99ace1f71b56d7e6565b388b5685ead2d39c555.jpg,1
999/dfadd58faa8974e32bdf4bc124859d824a01eee923a4d9f3ef4c583f.png,8
999/12451a2b54496f3b6b811db7e6dc211d4fb138d629fdc81696be869b.jpg,1
999/3f497ae97e7563b119c15154100e11861559c6acd4568cd4e3ad4c88.jpg,0
999/bce18350d792792af3275a721d1a197effaefb3e2dc00ff746af0d58.jpg,10
999/e30f7a07570a8056776a19457464d948ed06c7f58fb7e5e19ea1faa7.jpg,1
999/30f33f8b81286293a7e0380ed59cf0dce768b6ab701c523228ccd250.jpg,2
999/9cdf63653a9bf91d954bfd33e459d9d96a9ed1d2a99730b25b5c8cb4.jpg,1
999/91683c2bd3e062d610a8931823a328865e7d8990a268fa55cdad8104.png,1
999/d208aa785e690859e41f5407cb02d7d436ee4306b9c0f83f92e3a8b7.jpeg,1
999/23072045774672b92aa303b2b1506f4ef4cd3bee4e727c3e64e3b1f6.jpg,1
999/03a55db4753976c7e723f9155f8c99cddcebf23db81d6391111b9a10.jpg,8
999/f71ca2d5c818530837a37d53c2188bebad8e55f6017788b8b0974276.jpg,1
999/8192711806d4eae7d611f02b297e804962d12fe5f20555cce36a4b69.jpg,10
999/7886f4427833124433a4535942e8c3b3ac2b5f1ed1b99c3679e273b0.jpg,1
999/8fa065c016cec70bca4d1da59528dfe7c9167c0883dc82c02fb60fd3.jpg,0
999/4e1742edceb69fb7597943b32645acd764c93062556e05b1b09ce84d.jpg,6
999/a78f4ec4718fb0eaf5c7a854d7dbd1452983bda74475ae98388c5060.jpg,2
999/2390f4135c710e7c5bb9160dc5e7eed684f36088de141bf8a271b28c.jpg,10
999/cfcd5a6aca40029e517fbd1b8ce8ce3e9713996fd651b08f9beb5ff1.jpg,6
999/78c3ea104723d3bc6a0ab809a7798fcf79c8632d633b19e8ab44f200.jpg,10
999/af6fbd5c28f832aeb359b66537e8fe6508d12a7ff0699832d495ebda.jpg,0
999/45abb17884a20c0bc145fa4e3ec0a8ac6f1f721fae85a3a74cc205fd.jpg,1
999/cbbdf7343f305bde32d89baa4df1262797924dafca03366cfafc34c1.jpg,2
999/4686d81072a2e571bfbbf2aab2eb742684ac768da3f349515e6a2662.png,1
999/b5960c863b408fb751675e49b284d8c6c212a0ca005bb0a093d3fcb2.jpg,6
999/d8a9110b788a0dd87314db9c4c5b61995da4dec074b44dceaf82c08b.jpg,10
999/fe48c650e0b94cb649024dc1b5587bc03b2ab17fad64bc8c9e20ba5d.jpg,0
999/14d2dd5988635e434a293380a0815809a0249d4dc2437b6917c5a771.jpg,1
999/05a531ad53b0bf60317b4902b580879b23522fbef30ffd848b8eeb21.jpg,1
999/521d5f59d72d22b46e7de06b1f9898547e0a9f1422556fd4566892cc.jpg,2
999/bbd4900c8a513323ce75edfecd28c95d5ae3cc9bac1c9dace25564fe.jpg,1
999/e24b2ff864d257fd3a5dfcf788f98131d1060b6555b8a1651a038655.jpg,0
999/4cc76a84b363a21168d0895811bce7550486e5d2721053731a46e1d1.jpg,1
999/03151c862fbf63d9aafd32f8627d807bf106f0d9f16176044e762fcb.jpg,6
999/f147c98dda3cd95fb7d6d0a08df2001c91470cd5f355c231e69fbb7c.jpg,8
999/abcf4e8aebc16eaf9bb1718a585cd5192490b45ac6ab4e1bfb745de3.jpg,0
999/e6a8fd88dbbf18a6b0c6aad3edb28b46fa01202b8480952105c77357.jpg,0
999/64100bb188a5fc9c90806c762f4a8d752a8bae9c00d6dd523cdb1fd9.jpg,1
999/932ab8c911090dae6d3dbe3327f46ae270ed355f89e8b401e845f97c.jpg,1
999/cda1b772b8677f7c347cbb6eeb64fa1a88a8cfb6cb7c07d0eb30d9da.jpg,1
999/9b7e30555bdb6600a58ec0f1e84dffbf6dfab97aef752f5b74b7a0cb.jpg,7
